{
    "name": "root",
    "gauges": {
        "HillClimber.Policy.Entropy.mean": {
            "value": 0.39163216948509216,
            "min": 0.2899157702922821,
            "max": 0.6647615432739258,
            "count": 700
        },
        "HillClimber.Policy.Entropy.sum": {
            "value": 400.63970947265625,
            "min": 58.56196212768555,
            "max": 837.4203491210938,
            "count": 700
        },
        "HillClimber.Step.mean": {
            "value": 999904.0,
            "min": 300824.0,
            "max": 999904.0,
            "count": 700
        },
        "HillClimber.Step.sum": {
            "value": 999904.0,
            "min": 300824.0,
            "max": 999904.0,
            "count": 700
        },
        "HillClimber.Policy.ExtrinsicValueEstimate.mean": {
            "value": 8.729541778564453,
            "min": 2.891719341278076,
            "max": 9.021734237670898,
            "count": 700
        },
        "HillClimber.Policy.ExtrinsicValueEstimate.sum": {
            "value": 34.91816711425781,
            "min": 14.188987731933594,
            "max": 43.71586608886719,
            "count": 700
        },
        "HillClimber.Environment.EpisodeLength.mean": {
            "value": 746.5,
            "min": 269.0,
            "max": 1160.0,
            "count": 613
        },
        "HillClimber.Environment.EpisodeLength.sum": {
            "value": 1493.0,
            "min": 477.0,
            "max": 3123.0,
            "count": 613
        },
        "HillClimber.Environment.CumulativeReward.mean": {
            "value": 60.52500796318054,
            "min": 21.450002551078796,
            "max": 105.95001697540283,
            "count": 615
        },
        "HillClimber.Environment.CumulativeReward.sum": {
            "value": 121.05001592636108,
            "min": 38.000003814697266,
            "max": 261.5000367164612,
            "count": 615
        },
        "HillClimber.Policy.ExtrinsicReward.mean": {
            "value": 60.52500796318054,
            "min": 21.450002551078796,
            "max": 105.95001697540283,
            "count": 615
        },
        "HillClimber.Policy.ExtrinsicReward.sum": {
            "value": 121.05001592636108,
            "min": 38.000003814697266,
            "max": 261.5000367164612,
            "count": 615
        },
        "HillClimber.IsTraining.mean": {
            "value": 1.0,
            "min": 1.0,
            "max": 1.0,
            "count": 700
        },
        "HillClimber.IsTraining.sum": {
            "value": 1.0,
            "min": 1.0,
            "max": 1.0,
            "count": 700
        },
        "HillClimber.Losses.PolicyLoss.mean": {
            "value": 0.08204720297183554,
            "min": 0.0426885113647586,
            "max": 0.10675148074329827,
            "count": 165
        },
        "HillClimber.Losses.PolicyLoss.sum": {
            "value": 0.08204720297183554,
            "min": 0.0426885113647586,
            "max": 0.10675148074329827,
            "count": 165
        },
        "HillClimber.Losses.ValueLoss.mean": {
            "value": 0.09676654094125693,
            "min": 0.004096185282887474,
            "max": 0.16547252441320884,
            "count": 165
        },
        "HillClimber.Losses.ValueLoss.sum": {
            "value": 0.09676654094125693,
            "min": 0.004096185282887474,
            "max": 0.16547252441320884,
            "count": 165
        },
        "HillClimber.Policy.LearningRate.mean": {
            "value": 9.465996845000057e-07,
            "min": 9.465996845000057e-07,
            "max": 0.00020862993045670005,
            "count": 165
        },
        "HillClimber.Policy.LearningRate.sum": {
            "value": 9.465996845000057e-07,
            "min": 9.465996845000057e-07,
            "max": 0.00020862993045670005,
            "count": 165
        },
        "HillClimber.Policy.Epsilon.mean": {
            "value": 0.10031550000000002,
            "min": 0.10031550000000002,
            "max": 0.16954329999999998,
            "count": 165
        },
        "HillClimber.Policy.Epsilon.sum": {
            "value": 0.10031550000000002,
            "min": 0.10031550000000002,
            "max": 0.16954329999999998,
            "count": 165
        },
        "HillClimber.Policy.Beta.mean": {
            "value": 2.5743450000000097e-05,
            "min": 2.5743450000000097e-05,
            "max": 0.003480210669999999,
            "count": 165
        },
        "HillClimber.Policy.Beta.sum": {
            "value": 2.5743450000000097e-05,
            "min": 2.5743450000000097e-05,
            "max": 0.003480210669999999,
            "count": 165
        }
    },
    "metadata": {
        "timer_format_version": "0.1.0",
        "start_time_seconds": "1729184206",
        "python_version": "3.10.12 | packaged by Anaconda, Inc. | (main, Jul  5 2023, 19:01:18) [MSC v.1916 64 bit (AMD64)]",
        "command_line_arguments": "C:\\Users\\Dino\\AppData\\Roaming\\Python\\Python310\\Scripts\\mlagents-learn ../RL-Project/Assets/Ml-Agents/Models/HillClimber_config.yaml --run-id=HillClimber2 --resume --num-envs=4 --env ../HillClimbRacer/HillClimbRacing.exe",
        "mlagents_version": "1.1.0",
        "mlagents_envs_version": "1.1.0",
        "communication_protocol_version": "1.5.0",
        "pytorch_version": "2.2.2+cu121",
        "numpy_version": "1.23.5",
        "end_time_seconds": "1729195816"
    },
    "total": 11610.016703100002,
    "count": 1,
    "self": 1.4755130000048666,
    "children": {
        "run_training.setup": {
            "total": 0.21913099999801489,
            "count": 1,
            "self": 0.21913099999801489
        },
        "TrainerController.start_learning": {
            "total": 11608.322059099999,
            "count": 1,
            "self": 13.202094998534449,
            "children": {
                "TrainerController._reset_env": {
                    "total": 11.784923999999592,
                    "count": 1,
                    "self": 11.784923999999592
                },
                "TrainerController.advance": {
                    "total": 11583.221440401467,
                    "count": 673062,
                    "self": 11.822222701546707,
                    "children": {
                        "env_step": {
                            "total": 10368.608381000278,
                            "count": 673062,
                            "self": 6529.957844897814,
                            "children": {
                                "SubprocessEnvManager._take_step": {
                                    "total": 3830.7153844002205,
                                    "count": 701179,
                                    "self": 37.941282699677686,
                                    "children": {
                                        "TorchPolicy.evaluate": {
                                            "total": 3792.774101700543,
                                            "count": 700094,
                                            "self": 3792.774101700543
                                        }
                                    }
                                },
                                "workers": {
                                    "total": 7.935151702244184,
                                    "count": 673062,
                                    "self": 0.0,
                                    "children": {
                                        "worker_root": {
                                            "total": 46375.49447190309,
                                            "count": 701176,
                                            "is_parallel": true,
                                            "self": 9988.084554702291,