{
    "name": "root",
    "gauges": {
        "HillClimber.Policy.Entropy.mean": {
            "value": 0.36952486634254456,
            "min": 0.23671337962150574,
            "max": 0.5043403506278992,
            "count": 1361
        },
        "HillClimber.Policy.Entropy.sum": {
            "value": 259.4064636230469,
            "min": 19.625715255737305,
            "max": 822.646240234375,
            "count": 1361
        },
        "HillClimber.Environment.EpisodeLength.mean": {
            "value": 619.0,
            "min": 8.0,
            "max": 1155.0,
            "count": 1077
        },
        "HillClimber.Environment.EpisodeLength.sum": {
            "value": 1238.0,
            "min": 8.0,
            "max": 4182.0,
            "count": 1077
        },
        "HillClimber.Step.mean": {
            "value": 4999942.0,
            "min": 3639872.0,
            "max": 4999942.0,
            "count": 1361
        },
        "HillClimber.Step.sum": {
            "value": 4999942.0,
            "min": 3639872.0,
            "max": 4999942.0,
            "count": 1361
        },
        "HillClimber.Policy.ExtrinsicValueEstimate.mean": {
            "value": 5.532520771026611,
            "min": 2.7658450603485107,
            "max": 9.213004112243652,
            "count": 1361
        },
        "HillClimber.Policy.ExtrinsicValueEstimate.sum": {
            "value": 27.6626033782959,
            "min": 6.110311985015869,
            "max": 41.6879768371582,
            "count": 1361
        },
        "HillClimber.Environment.CumulativeReward.mean": {
            "value": 48.90000605583191,
            "min": 0.7000000476837158,
            "max": 100.8000135421753,
            "count": 1105
        },
        "HillClimber.Environment.CumulativeReward.sum": {
            "value": 97.80001211166382,
            "min": 0.7000000476837158,
            "max": 273.2500419616699,
            "count": 1105
        },
        "HillClimber.Policy.ExtrinsicReward.mean": {
            "value": 48.90000605583191,
            "min": 0.7000000476837158,
            "max": 100.8000135421753,
            "count": 1105
        },
        "HillClimber.Policy.ExtrinsicReward.sum": {
            "value": 97.80001211166382,
            "min": 0.7000000476837158,
            "max": 273.2500419616699,
            "count": 1105
        },
        "HillClimber.IsTraining.mean": {
            "value": 1.0,
            "min": 1.0,
            "max": 1.0,
            "count": 1361
        },
        "HillClimber.IsTraining.sum": {
            "value": 1.0,
            "min": 1.0,
            "max": 1.0,
            "count": 1361
        },
        "HillClimber.Losses.PolicyLoss.mean": {
            "value": 0.07758360404688387,
            "min": 0.060793505009085015,
            "max": 0.10867572445325398,
            "count": 322
        },
        "HillClimber.Losses.PolicyLoss.sum": {
            "value": 0.07758360404688387,
            "min": 0.060793505009085015,
            "max": 0.10867572445325398,
            "count": 322
        },
        "HillClimber.Losses.ValueLoss.mean": {
            "value": 0.02331658633163151,
            "min": 0.0035410298128915724,
            "max": 0.15274495735805735,
            "count": 322
        },
        "HillClimber.Losses.ValueLoss.sum": {
            "value": 0.02331658633163151,
            "min": 0.0035410298128915724,
            "max": 0.15274495735805735,
            "count": 322
        },
        "HillClimber.Policy.LearningRate.mean": {
            "value": 1.8213993932000553e-07,
            "min": 1.8213993932000553e-07,
            "max": 8.134879288376001e-05,
            "count": 322
        },
        "HillClimber.Policy.LearningRate.sum": {
            "value": 1.8213993932000553e-07,
            "min": 1.8213993932000553e-07,
            "max": 8.134879288376001e-05,
            "count": 322
        },
        "HillClimber.Policy.Epsilon.mean": {
            "value": 0.10006068000000003,
            "min": 0.10006068000000003,
            "max": 0.12711624000000005,
            "count": 322
        },
        "HillClimber.Policy.Epsilon.sum": {
            "value": 0.10006068000000003,
            "min": 0.10006068000000003,
            "max": 0.12711624000000005,
            "count": 322
        },
        "HillClimber.Policy.Beta.mean": {
            "value": 1.3027932000000092e-05,
            "min": 1.3027932000000092e-05,
            "max": 0.0013631003760000008,
            "count": 322
        },
        "HillClimber.Policy.Beta.sum": {
            "value": 1.3027932000000092e-05,
            "min": 1.3027932000000092e-05,
            "max": 0.0013631003760000008,
            "count": 322
        }
    },
    "metadata": {
        "timer_format_version": "0.1.0",
        "start_time_seconds": "1729350220",
        "python_version": "3.10.12 | packaged by Anaconda, Inc. | (main, Jul  5 2023, 19:01:18) [MSC v.1916 64 bit (AMD64)]",
        "command_line_arguments": "C:\\Users\\Dino\\AppData\\Roaming\\Python\\Python310\\Scripts\\mlagents-learn ../RL-Project/Assets/Ml-Agents/Models/HillClimber_config.yaml --run-id=HillClimber2 --resume --num-envs=8 --env ../HillClimbRacer/HillClimbRacing.exe",
        "mlagents_version": "1.1.0",
        "mlagents_envs_version": "1.1.0",
        "communication_protocol_version": "1.5.0",
        "pytorch_version": "2.2.2+cu121",
        "numpy_version": "1.23.5",
        "end_time_seconds": "1729361346"
    },
    "total": 11125.6614712,
    "count": 1,
    "self": 0.8847146999996767,
    "children": {
        "run_training.setup": {
            "total": 0.4402132000000165,
            "count": 1,
            "self": 0.4402132000000165
        },
        "TrainerController.start_learning": {
            "total": 11124.3365433,
            "count": 1,
            "self": 20.00046869903963,
            "children": {
                "TrainerController._reset_env": {
                    "total": 13.353061600000046,
                    "count": 1,
                    "self": 13.353061600000046
                },
                "TrainerController.advance": {
                    "total": 11090.847433100958,
                    "count": 1004966,
                    "self": 17.435987900345935,
                    "children": {
                        "env_step": {
                            "total": 8874.737989100426,
                            "count": 1004966,
                            "self": 2466.2433779010435,
                            "children": {
                                "SubprocessEnvManager._take_step": {
                                    "total": 6396.1504473995665,
                                    "count": 1362871,
                                    "self": 64.48928619939306,
                                    "children": {
                                        "TorchPolicy.evaluate": {
                                            "total": 6331.661161200173,
                                            "count": 1360857,
                                            "self": 6331.661161200173
                                        }
                                    }
                                },
                                "workers": {
                                    "total": 12.34416379981576,
                                    "count": 1004966,
                                    "self": 0.0,
                                    "children": {
                                        "worker_root": {
                                            "total": 88871.23828560213,
                                            "count": 1362865,
                                            "is_parallel": true,
                                            "self": 30815.852828699637,