{
    "name": "root",
    "gauges": {
        "HillClimber.Policy.Entropy.mean": {
            "value": 0.3187374770641327,
            "min": 0.2029908299446106,
            "max": 0.5216587781906128,
            "count": 1000
        },
        "HillClimber.Policy.Entropy.sum": {
            "value": 283.03887939453125,
            "min": 2.2328991889953613,
            "max": 802.87255859375,
            "count": 1000
        },
        "HillClimber.Environment.EpisodeLength.mean": {
            "value": 967.0,
            "min": 8.0,
            "max": 1263.0,
            "count": 801
        },
        "HillClimber.Environment.EpisodeLength.sum": {
            "value": 967.0,
            "min": 8.0,
            "max": 4640.0,
            "count": 801
        },
        "HillClimber.Step.mean": {
            "value": 1999897.0,
            "min": 1000944.0,
            "max": 1999897.0,
            "count": 1000
        },
        "HillClimber.Step.sum": {
            "value": 1999897.0,
            "min": 1000944.0,
            "max": 1999897.0,
            "count": 1000
        },
        "HillClimber.Policy.ExtrinsicValueEstimate.mean": {
            "value": 8.774786949157715,
            "min": 2.401136875152588,
            "max": 9.18687915802002,
            "count": 1000
        },
        "HillClimber.Policy.ExtrinsicValueEstimate.sum": {
            "value": 35.09914779663086,
            "min": 13.215583801269531,
            "max": 41.85416793823242,
            "count": 1000
        },
        "HillClimber.Environment.CumulativeReward.mean": {
            "value": 51.15000677108765,
            "min": 0.800000011920929,
            "max": 108.20001602172852,
            "count": 807
        },
        "HillClimber.Environment.CumulativeReward.sum": {
            "value": 153.45002031326294,
            "min": 0.800000011920929,
            "max": 295.0500326156616,
            "count": 807
        },
        "HillClimber.Policy.ExtrinsicReward.mean": {
            "value": 51.15000677108765,
            "min": 0.800000011920929,
            "max": 108.20001602172852,
            "count": 807
        },
        "HillClimber.Policy.ExtrinsicReward.sum": {
            "value": 153.45002031326294,
            "min": 0.800000011920929,
            "max": 295.0500326156616,
            "count": 807
        },
        "HillClimber.IsTraining.mean": {
            "value": 1.0,
            "min": 1.0,
            "max": 1.0,
            "count": 1000
        },
        "HillClimber.IsTraining.sum": {
            "value": 1.0,
            "min": 1.0,
            "max": 1.0,
            "count": 1000
        },
        "HillClimber.Losses.PolicyLoss.mean": {
            "value": 0.08254892159536,
            "min": 0.0640594231382681,
            "max": 0.10811144166221523,
            "count": 237
        },
        "HillClimber.Losses.PolicyLoss.sum": {
            "value": 0.08254892159536,
            "min": 0.0640594231382681,
            "max": 0.10811144166221523,
            "count": 237
        },
        "HillClimber.Losses.ValueLoss.mean": {
            "value": 0.02441601022274062,
            "min": 0.003935721785481548,
            "max": 0.12528636891033446,
            "count": 237
        },
        "HillClimber.Losses.ValueLoss.sum": {
            "value": 0.02441601022274062,
            "min": 0.003935721785481548,
            "max": 0.12528636891033446,
            "count": 237
        },
        "HillClimber.Policy.LearningRate.mean": {
            "value": 5.394998204999972e-08,
            "min": 5.394998204999972e-08,
            "max": 0.0001493592502136,
            "count": 237
        },
        "HillClimber.Policy.LearningRate.sum": {
            "value": 5.394998204999972e-08,
            "min": 5.394998204999972e-08,
            "max": 0.0001493592502136,
            "count": 237
        },
        "HillClimber.Policy.Epsilon.mean": {
            "value": 0.10001795000000001,
            "min": 0.10001795000000001,
            "max": 0.14978640000000001,
            "count": 237
        },
        "HillClimber.Policy.Epsilon.sum": {
            "value": 0.10001795000000001,
            "min": 0.10001795000000001,
            "max": 0.14978640000000001,
            "count": 237
        },
        "HillClimber.Policy.Beta.mean": {
            "value": 1.0895704999999995e-05,
            "min": 1.0895704999999995e-05,
            "max": 0.0024943413599999996,
            "count": 237
        },
        "HillClimber.Policy.Beta.sum": {
            "value": 1.0895704999999995e-05,
            "min": 1.0895704999999995e-05,
            "max": 0.0024943413599999996,
            "count": 237
        }
    },
    "metadata": {
        "timer_format_version": "0.1.0",
        "start_time_seconds": "1729255116",
        "python_version": "3.10.12 | packaged by Anaconda, Inc. | (main, Jul  5 2023, 19:01:18) [MSC v.1916 64 bit (AMD64)]",
        "command_line_arguments": "C:\\Users\\Dino\\AppData\\Roaming\\Python\\Python310\\Scripts\\mlagents-learn ../RL-Project/Assets/ML-Agents/Models/HillClimber_config.yaml --run-id=HillClimber2 --resume --num-envs=8 --env ../HillClimbRacer/HillClimbRacing.exe",
        "mlagents_version": "1.1.0",
        "mlagents_envs_version": "1.1.0",
        "communication_protocol_version": "1.5.0",
        "pytorch_version": "2.2.2+cu121",
        "numpy_version": "1.23.5",
        "end_time_seconds": "1729264192"
    },
    "total": 9075.874353799998,
    "count": 1,
    "self": 0.8779579999973066,
    "children": {
        "run_training.setup": {
            "total": 0.44693910000023607,
            "count": 1,
            "self": 0.44693910000023607
        },
        "TrainerController.start_learning": {
            "total": 9074.5494567,
            "count": 1,
            "self": 16.029336000301555,
            "children": {
                "TrainerController._reset_env": {
                    "total": 13.143660900001123,
                    "count": 1,
                    "self": 13.143660900001123
                },
                "TrainerController.advance": {
                    "total": 9045.274427199698,
                    "count": 839035,
                    "self": 14.999015900430095,
                    "children": {
                        "env_step": {
                            "total": 7398.827475598508,
                            "count": 839035,
                            "self": 2537.9276576966295,
                            "children": {
                                "SubprocessEnvManager._take_step": {
                                    "total": 4851.175100901128,
                                    "count": 1002344,
                                    "self": 48.168091501716845,
                                    "children": {
                                        "TorchPolicy.evaluate": {
                                            "total": 4803.007009399411,
                                            "count": 1000893,
                                            "self": 4803.007009399411
                                        }
                                    }
                                },
                                "workers": {
                                    "total": 9.724717000750388,
                                    "count": 839035,
                                    "self": 0.0,
                                    "children": {
                                        "worker_root": {
                                            "total": 72480.78247969982,
                                            "count": 1002337,
                                            "is_parallel": true,
                                            "self": 21490.388663003403,